{
  "_format": "hh-sol-cache-2",
  "files": {
    "/home/ith/ITH/uniswap/hardhat/contracts/Liquidity.sol": {
      "lastModificationDate": 1720614020585,
      "contentHash": "0013f8db738f422f42d94c9cc8a8dd02",
      "sourceName": "contracts/Liquidity.sol",
      "solcConfig": {
        "version": "0.7.6",
        "settings": {
          "optimizer": {
            "enabled": false,
            "runs": 200
          },
          "outputSelection": {
            "*": {
              "*": [
                "abi",
                "evm.bytecode",
                "evm.deployedBytecode",
                "evm.methodIdentifiers",
                "metadata"
              ],
              "": [
                "ast"
              ]
            }
          }
        }
      },
      "imports": [
        "@uniswap/v3-core/contracts/interfaces/IUniswapV3Pool.sol",
        "@uniswap/v3-periphery/contracts/interfaces/INonfungiblePositionManager.sol",
        "@uniswap/v3-core/contracts/libraries/TickMath.sol",
        "@openzeppelin/contracts/token/ERC721/IERC721Receiver.sol",
        "@openzeppelin/contracts/token/ERC20/IERC20.sol",
        "@openzeppelin/contracts/token/ERC20/SafeERC20.sol",
        "hardhat/console.sol"
      ],
      "versionPragmas": [
        "^0.7.5"
      ],
      "artifacts": [
        "Liquidity"
      ]
    },
    "/home/ith/ITH/uniswap/hardhat/node_modules/hardhat/console.sol": {
      "lastModificationDate": 1720588914621,
      "contentHash": "896f68942c3a20e9ae3c3c5bfd3add54",
      "sourceName": "hardhat/console.sol",
      "solcConfig": {
        "version": "0.7.6",
        "settings": {
          "optimizer": {
            "enabled": false,
            "runs": 200
          },
          "outputSelection": {
            "*": {
              "*": [
                "abi",
                "evm.bytecode",
                "evm.deployedBytecode",
                "evm.methodIdentifiers",
                "metadata"
              ],
              "": [
                "ast"
              ]
            }
          }
        }
      },
      "imports": [],
      "versionPragmas": [
        ">=0.4.22 <0.9.0"
      ],
      "artifacts": [
        "console"
      ]
    },
    "/home/ith/ITH/uniswap/hardhat/node_modules/@uniswap/v3-core/contracts/interfaces/IUniswapV3Pool.sol": {
      "lastModificationDate": 1720589329396,
      "contentHash": "e6badd8268772b99e7ca397aff11a965",
      "sourceName": "@uniswap/v3-core/contracts/interfaces/IUniswapV3Pool.sol",
      "solcConfig": {
        "version": "0.7.6",
        "settings": {
          "optimizer": {
            "enabled": false,
            "runs": 200
          },
          "outputSelection": {
            "*": {
              "*": [
                "abi",
                "evm.bytecode",
                "evm.deployedBytecode",
                "evm.methodIdentifiers",
                "metadata"
              ],
              "": [
                "ast"
              ]
            }
          }
        }
      },
      "imports": [
        "./pool/IUniswapV3PoolImmutables.sol",
        "./pool/IUniswapV3PoolState.sol",
        "./pool/IUniswapV3PoolDerivedState.sol",
        "./pool/IUniswapV3PoolActions.sol",
        "./pool/IUniswapV3PoolOwnerActions.sol",
        "./pool/IUniswapV3PoolEvents.sol"
      ],
      "versionPragmas": [
        ">=0.5.0"
      ],
      "artifacts": [
        "IUniswapV3Pool"
      ]
    },
    "/home/ith/ITH/uniswap/hardhat/node_modules/@uniswap/v3-core/contracts/libraries/TickMath.sol": {
      "lastModificationDate": 1720589329398,
      "contentHash": "6bd9ce5056f36b9763627bce69998c83",
      "sourceName": "@uniswap/v3-core/contracts/libraries/TickMath.sol",
      "solcConfig": {
        "version": "0.7.6",
        "settings": {
          "optimizer": {
            "enabled": false,
            "runs": 200
          },
          "outputSelection": {
            "*": {
              "*": [
                "abi",
                "evm.bytecode",
                "evm.deployedBytecode",
                "evm.methodIdentifiers",
                "metadata"
              ],
              "": [
                "ast"
              ]
            }
          }
        }
      },
      "imports": [],
      "versionPragmas": [
        ">=0.5.0 <0.8.0"
      ],
      "artifacts": [
        "TickMath"
      ]
    },
    "/home/ith/ITH/uniswap/hardhat/node_modules/@openzeppelin/contracts/token/ERC721/IERC721Receiver.sol": {
      "lastModificationDate": 1720594391217,
      "contentHash": "fad0b3f4424bdbb4b35467b29ea8d334",
      "sourceName": "@openzeppelin/contracts/token/ERC721/IERC721Receiver.sol",
      "solcConfig": {
        "version": "0.7.6",
        "settings": {
          "optimizer": {
            "enabled": false,
            "runs": 200
          },
          "outputSelection": {
            "*": {
              "*": [
                "abi",
                "evm.bytecode",
                "evm.deployedBytecode",
                "evm.methodIdentifiers",
                "metadata"
              ],
              "": [
                "ast"
              ]
            }
          }
        }
      },
      "imports": [],
      "versionPragmas": [
        ">=0.6.0 <0.8.0"
      ],
      "artifacts": [
        "IERC721Receiver"
      ]
    },
    "/home/ith/ITH/uniswap/hardhat/node_modules/@uniswap/v3-periphery/contracts/interfaces/INonfungiblePositionManager.sol": {
      "lastModificationDate": 1720596172796,
      "contentHash": "d7e3dba8f3a24c3e9abde58eba5f0f8c",
      "sourceName": "@uniswap/v3-periphery/contracts/interfaces/INonfungiblePositionManager.sol",
      "solcConfig": {
        "version": "0.7.6",
        "settings": {
          "optimizer": {
            "enabled": false,
            "runs": 200
          },
          "outputSelection": {
            "*": {
              "*": [
                "abi",
                "evm.bytecode",
                "evm.deployedBytecode",
                "evm.methodIdentifiers",
                "metadata"
              ],
              "": [
                "ast"
              ]
            }
          }
        }
      },
      "imports": [
        "@openzeppelin/contracts/token/ERC721/IERC721Metadata.sol",
        "@openzeppelin/contracts/token/ERC721/IERC721Enumerable.sol",
        "./IPoolInitializer.sol",
        "./IERC721Permit.sol",
        "./IPeripheryPayments.sol",
        "./IPeripheryImmutableState.sol",
        "../libraries/PoolAddress.sol"
      ],
      "versionPragmas": [
        ">=0.7.5"
      ],
      "artifacts": [
        "INonfungiblePositionManager"
      ]
    },
    "/home/ith/ITH/uniswap/hardhat/node_modules/@openzeppelin/contracts/token/ERC20/SafeERC20.sol": {
      "lastModificationDate": 1720594391221,
      "contentHash": "33e22842646d746e5c4124c2fdc051aa",
      "sourceName": "@openzeppelin/contracts/token/ERC20/SafeERC20.sol",
      "solcConfig": {
        "version": "0.7.6",
        "settings": {
          "optimizer": {
            "enabled": false,
            "runs": 200
          },
          "outputSelection": {
            "*": {
              "*": [
                "abi",
                "evm.bytecode",
                "evm.deployedBytecode",
                "evm.methodIdentifiers",
                "metadata"
              ],
              "": [
                "ast"
              ]
            }
          }
        }
      },
      "imports": [
        "./IERC20.sol",
        "../../math/SafeMath.sol",
        "../../utils/Address.sol"
      ],
      "versionPragmas": [
        ">=0.6.0 <0.8.0"
      ],
      "artifacts": [
        "SafeERC20"
      ]
    },
    "/home/ith/ITH/uniswap/hardhat/node_modules/@openzeppelin/contracts/token/ERC20/IERC20.sol": {
      "lastModificationDate": 1720594391216,
      "contentHash": "e0a41531d159d3a32f84b7a3ecf9fabb",
      "sourceName": "@openzeppelin/contracts/token/ERC20/IERC20.sol",
      "solcConfig": {
        "version": "0.7.6",
        "settings": {
          "optimizer": {
            "enabled": false,
            "runs": 200
          },
          "outputSelection": {
            "*": {
              "*": [
                "abi",
                "evm.bytecode",
                "evm.deployedBytecode",
                "evm.methodIdentifiers",
                "metadata"
              ],
              "": [
                "ast"
              ]
            }
          }
        }
      },
      "imports": [],
      "versionPragmas": [
        ">=0.6.0 <0.8.0"
      ],
      "artifacts": [
        "IERC20"
      ]
    },
    "/home/ith/ITH/uniswap/hardhat/node_modules/@uniswap/v3-core/contracts/interfaces/pool/IUniswapV3PoolImmutables.sol": {
      "lastModificationDate": 1720589329397,
      "contentHash": "e236e09a9d654fb2f20a6da5dba2bd2f",
      "sourceName": "@uniswap/v3-core/contracts/interfaces/pool/IUniswapV3PoolImmutables.sol",
      "solcConfig": {
        "version": "0.7.6",
        "settings": {
          "optimizer": {
            "enabled": false,
            "runs": 200
          },
          "outputSelection": {
            "*": {
              "*": [
                "abi",
                "evm.bytecode",
                "evm.deployedBytecode",
                "evm.methodIdentifiers",
                "metadata"
              ],
              "": [
                "ast"
              ]
            }
          }
        }
      },
      "imports": [],
      "versionPragmas": [
        ">=0.5.0"
      ],
      "artifacts": [
        "IUniswapV3PoolImmutables"
      ]
    },
    "/home/ith/ITH/uniswap/hardhat/node_modules/@uniswap/v3-core/contracts/interfaces/pool/IUniswapV3PoolActions.sol": {
      "lastModificationDate": 1720589329396,
      "contentHash": "83d338eb1394008c808a20ac7c5bab0c",
      "sourceName": "@uniswap/v3-core/contracts/interfaces/pool/IUniswapV3PoolActions.sol",
      "solcConfig": {
        "version": "0.7.6",
        "settings": {
          "optimizer": {
            "enabled": false,
            "runs": 200
          },
          "outputSelection": {
            "*": {
              "*": [
                "abi",
                "evm.bytecode",
                "evm.deployedBytecode",
                "evm.methodIdentifiers",
                "metadata"
              ],
              "": [
                "ast"
              ]
            }
          }
        }
      },
      "imports": [],
      "versionPragmas": [
        ">=0.5.0"
      ],
      "artifacts": [
        "IUniswapV3PoolActions"
      ]
    },
    "/home/ith/ITH/uniswap/hardhat/node_modules/@uniswap/v3-core/contracts/interfaces/pool/IUniswapV3PoolDerivedState.sol": {
      "lastModificationDate": 1720589329396,
      "contentHash": "25b71180ec9f5132a158334971ee2ace",
      "sourceName": "@uniswap/v3-core/contracts/interfaces/pool/IUniswapV3PoolDerivedState.sol",
      "solcConfig": {
        "version": "0.7.6",
        "settings": {
          "optimizer": {
            "enabled": false,
            "runs": 200
          },
          "outputSelection": {
            "*": {
              "*": [
                "abi",
                "evm.bytecode",
                "evm.deployedBytecode",
                "evm.methodIdentifiers",
                "metadata"
              ],
              "": [
                "ast"
              ]
            }
          }
        }
      },
      "imports": [],
      "versionPragmas": [
        ">=0.5.0"
      ],
      "artifacts": [
        "IUniswapV3PoolDerivedState"
      ]
    },
    "/home/ith/ITH/uniswap/hardhat/node_modules/@uniswap/v3-core/contracts/interfaces/pool/IUniswapV3PoolOwnerActions.sol": {
      "lastModificationDate": 1720589329397,
      "contentHash": "1b06ecc79e75f836c446ccf286e671e4",
      "sourceName": "@uniswap/v3-core/contracts/interfaces/pool/IUniswapV3PoolOwnerActions.sol",
      "solcConfig": {
        "version": "0.7.6",
        "settings": {
          "optimizer": {
            "enabled": false,
            "runs": 200
          },
          "outputSelection": {
            "*": {
              "*": [
                "abi",
                "evm.bytecode",
                "evm.deployedBytecode",
                "evm.methodIdentifiers",
                "metadata"
              ],
              "": [
                "ast"
              ]
            }
          }
        }
      },
      "imports": [],
      "versionPragmas": [
        ">=0.5.0"
      ],
      "artifacts": [
        "IUniswapV3PoolOwnerActions"
      ]
    },
    "/home/ith/ITH/uniswap/hardhat/node_modules/@uniswap/v3-core/contracts/interfaces/pool/IUniswapV3PoolState.sol": {
      "lastModificationDate": 1720589329397,
      "contentHash": "0488495ef9087b4513d3b43634035ef9",
      "sourceName": "@uniswap/v3-core/contracts/interfaces/pool/IUniswapV3PoolState.sol",
      "solcConfig": {
        "version": "0.7.6",
        "settings": {
          "optimizer": {
            "enabled": false,
            "runs": 200
          },
          "outputSelection": {
            "*": {
              "*": [
                "abi",
                "evm.bytecode",
                "evm.deployedBytecode",
                "evm.methodIdentifiers",
                "metadata"
              ],
              "": [
                "ast"
              ]
            }
          }
        }
      },
      "imports": [],
      "versionPragmas": [
        ">=0.5.0"
      ],
      "artifacts": [
        "IUniswapV3PoolState"
      ]
    },
    "/home/ith/ITH/uniswap/hardhat/node_modules/@uniswap/v3-core/contracts/interfaces/pool/IUniswapV3PoolEvents.sol": {
      "lastModificationDate": 1720589329396,
      "contentHash": "05abb59ec113db1046f7dadc78bb297b",
      "sourceName": "@uniswap/v3-core/contracts/interfaces/pool/IUniswapV3PoolEvents.sol",
      "solcConfig": {
        "version": "0.7.6",
        "settings": {
          "optimizer": {
            "enabled": false,
            "runs": 200
          },
          "outputSelection": {
            "*": {
              "*": [
                "abi",
                "evm.bytecode",
                "evm.deployedBytecode",
                "evm.methodIdentifiers",
                "metadata"
              ],
              "": [
                "ast"
              ]
            }
          }
        }
      },
      "imports": [],
      "versionPragmas": [
        ">=0.5.0"
      ],
      "artifacts": [
        "IUniswapV3PoolEvents"
      ]
    },
    "/home/ith/ITH/uniswap/hardhat/node_modules/@openzeppelin/contracts/token/ERC721/IERC721Metadata.sol": {
      "lastModificationDate": 1720594391217,
      "contentHash": "370e7a48f316401b5063bcb604843e1b",
      "sourceName": "@openzeppelin/contracts/token/ERC721/IERC721Metadata.sol",
      "solcConfig": {
        "version": "0.7.6",
        "settings": {
          "optimizer": {
            "enabled": false,
            "runs": 200
          },
          "outputSelection": {
            "*": {
              "*": [
                "abi",
                "evm.bytecode",
                "evm.deployedBytecode",
                "evm.methodIdentifiers",
                "metadata"
              ],
              "": [
                "ast"
              ]
            }
          }
        }
      },
      "imports": [
        "./IERC721.sol"
      ],
      "versionPragmas": [
        ">=0.6.2 <0.8.0"
      ],
      "artifacts": [
        "IERC721Metadata"
      ]
    },
    "/home/ith/ITH/uniswap/hardhat/node_modules/@uniswap/v3-periphery/contracts/interfaces/IPoolInitializer.sol": {
      "lastModificationDate": 1720591067786,
      "contentHash": "11600b3ed90d17aa07e53a77430a6d6c",
      "sourceName": "@uniswap/v3-periphery/contracts/interfaces/IPoolInitializer.sol",
      "solcConfig": {
        "version": "0.7.6",
        "settings": {
          "optimizer": {
            "enabled": false,
            "runs": 200
          },
          "outputSelection": {
            "*": {
              "*": [
                "abi",
                "evm.bytecode",
                "evm.deployedBytecode",
                "evm.methodIdentifiers",
                "metadata"
              ],
              "": [
                "ast"
              ]
            }
          }
        }
      },
      "imports": [],
      "versionPragmas": [
        ">=0.7.5"
      ],
      "artifacts": [
        "IPoolInitializer"
      ]
    },
    "/home/ith/ITH/uniswap/hardhat/node_modules/@openzeppelin/contracts/token/ERC721/IERC721Enumerable.sol": {
      "lastModificationDate": 1720594391217,
      "contentHash": "eaebc3874248c26f6ea0b13b9a140a94",
      "sourceName": "@openzeppelin/contracts/token/ERC721/IERC721Enumerable.sol",
      "solcConfig": {
        "version": "0.7.6",
        "settings": {
          "optimizer": {
            "enabled": false,
            "runs": 200
          },
          "outputSelection": {
            "*": {
              "*": [
                "abi",
                "evm.bytecode",
                "evm.deployedBytecode",
                "evm.methodIdentifiers",
                "metadata"
              ],
              "": [
                "ast"
              ]
            }
          }
        }
      },
      "imports": [
        "./IERC721.sol"
      ],
      "versionPragmas": [
        ">=0.6.2 <0.8.0"
      ],
      "artifacts": [
        "IERC721Enumerable"
      ]
    },
    "/home/ith/ITH/uniswap/hardhat/node_modules/@uniswap/v3-periphery/contracts/interfaces/IERC721Permit.sol": {
      "lastModificationDate": 1720591067785,
      "contentHash": "9073d26f60e6253b2dfbc103c78cf70d",
      "sourceName": "@uniswap/v3-periphery/contracts/interfaces/IERC721Permit.sol",
      "solcConfig": {
        "version": "0.7.6",
        "settings": {
          "optimizer": {
            "enabled": false,
            "runs": 200
          },
          "outputSelection": {
            "*": {
              "*": [
                "abi",
                "evm.bytecode",
                "evm.deployedBytecode",
                "evm.methodIdentifiers",
                "metadata"
              ],
              "": [
                "ast"
              ]
            }
          }
        }
      },
      "imports": [
        "@openzeppelin/contracts/token/ERC721/IERC721.sol"
      ],
      "versionPragmas": [
        ">=0.7.5"
      ],
      "artifacts": [
        "IERC721Permit"
      ]
    },
    "/home/ith/ITH/uniswap/hardhat/node_modules/@uniswap/v3-periphery/contracts/interfaces/IPeripheryPayments.sol": {
      "lastModificationDate": 1720591067786,
      "contentHash": "8aa07bcaad7779d2bae8089adef235bf",
      "sourceName": "@uniswap/v3-periphery/contracts/interfaces/IPeripheryPayments.sol",
      "solcConfig": {
        "version": "0.7.6",
        "settings": {
          "optimizer": {
            "enabled": false,
            "runs": 200
          },
          "outputSelection": {
            "*": {
              "*": [
                "abi",
                "evm.bytecode",
                "evm.deployedBytecode",
                "evm.methodIdentifiers",
                "metadata"
              ],
              "": [
                "ast"
              ]
            }
          }
        }
      },
      "imports": [],
      "versionPragmas": [
        ">=0.7.5"
      ],
      "artifacts": [
        "IPeripheryPayments"
      ]
    },
    "/home/ith/ITH/uniswap/hardhat/node_modules/@uniswap/v3-periphery/contracts/interfaces/IPeripheryImmutableState.sol": {
      "lastModificationDate": 1720591067786,
      "contentHash": "e68917661480772223d87a606afb29cd",
      "sourceName": "@uniswap/v3-periphery/contracts/interfaces/IPeripheryImmutableState.sol",
      "solcConfig": {
        "version": "0.7.6",
        "settings": {
          "optimizer": {
            "enabled": false,
            "runs": 200
          },
          "outputSelection": {
            "*": {
              "*": [
                "abi",
                "evm.bytecode",
                "evm.deployedBytecode",
                "evm.methodIdentifiers",
                "metadata"
              ],
              "": [
                "ast"
              ]
            }
          }
        }
      },
      "imports": [],
      "versionPragmas": [
        ">=0.5.0"
      ],
      "artifacts": [
        "IPeripheryImmutableState"
      ]
    },
    "/home/ith/ITH/uniswap/hardhat/node_modules/@uniswap/v3-periphery/contracts/libraries/PoolAddress.sol": {
      "lastModificationDate": 1720591067788,
      "contentHash": "6cec4f6b237de21ad97bf32c19a2e0d8",
      "sourceName": "@uniswap/v3-periphery/contracts/libraries/PoolAddress.sol",
      "solcConfig": {
        "version": "0.7.6",
        "settings": {
          "optimizer": {
            "enabled": false,
            "runs": 200
          },
          "outputSelection": {
            "*": {
              "*": [
                "abi",
                "evm.bytecode",
                "evm.deployedBytecode",
                "evm.methodIdentifiers",
                "metadata"
              ],
              "": [
                "ast"
              ]
            }
          }
        }
      },
      "imports": [],
      "versionPragmas": [
        ">=0.5.0"
      ],
      "artifacts": [
        "PoolAddress"
      ]
    },
    "/home/ith/ITH/uniswap/hardhat/node_modules/@openzeppelin/contracts/token/ERC721/IERC721.sol": {
      "lastModificationDate": 1720594391216,
      "contentHash": "e82621b83943f11c44988c60e83d6ebc",
      "sourceName": "@openzeppelin/contracts/token/ERC721/IERC721.sol",
      "solcConfig": {
        "version": "0.7.6",
        "settings": {
          "optimizer": {
            "enabled": false,
            "runs": 200
          },
          "outputSelection": {
            "*": {
              "*": [
                "abi",
                "evm.bytecode",
                "evm.deployedBytecode",
                "evm.methodIdentifiers",
                "metadata"
              ],
              "": [
                "ast"
              ]
            }
          }
        }
      },
      "imports": [
        "../../introspection/IERC165.sol"
      ],
      "versionPragmas": [
        ">=0.6.2 <0.8.0"
      ],
      "artifacts": [
        "IERC721"
      ]
    },
    "/home/ith/ITH/uniswap/hardhat/node_modules/@openzeppelin/contracts/introspection/IERC165.sol": {
      "lastModificationDate": 1720594391216,
      "contentHash": "0d62a8380952235f135dae91590f90a3",
      "sourceName": "@openzeppelin/contracts/introspection/IERC165.sol",
      "solcConfig": {
        "version": "0.7.6",
        "settings": {
          "optimizer": {
            "enabled": false,
            "runs": 200
          },
          "outputSelection": {
            "*": {
              "*": [
                "abi",
                "evm.bytecode",
                "evm.deployedBytecode",
                "evm.methodIdentifiers",
                "metadata"
              ],
              "": [
                "ast"
              ]
            }
          }
        }
      },
      "imports": [],
      "versionPragmas": [
        ">=0.6.0 <0.8.0"
      ],
      "artifacts": [
        "IERC165"
      ]
    },
    "/home/ith/ITH/uniswap/hardhat/node_modules/@openzeppelin/contracts/math/SafeMath.sol": {
      "lastModificationDate": 1720594391222,
      "contentHash": "e03e12206057e809eb76c5f681170c32",
      "sourceName": "@openzeppelin/contracts/math/SafeMath.sol",
      "solcConfig": {
        "version": "0.7.6",
        "settings": {
          "optimizer": {
            "enabled": false,
            "runs": 200
          },
          "outputSelection": {
            "*": {
              "*": [
                "abi",
                "evm.bytecode",
                "evm.deployedBytecode",
                "evm.methodIdentifiers",
                "metadata"
              ],
              "": [
                "ast"
              ]
            }
          }
        }
      },
      "imports": [],
      "versionPragmas": [
        ">=0.6.0 <0.8.0"
      ],
      "artifacts": [
        "SafeMath"
      ]
    },
    "/home/ith/ITH/uniswap/hardhat/node_modules/@openzeppelin/contracts/utils/Address.sol": {
      "lastModificationDate": 1720594391200,
      "contentHash": "7aa46886ff5abe7515496208a5e2ce5a",
      "sourceName": "@openzeppelin/contracts/utils/Address.sol",
      "solcConfig": {
        "version": "0.7.6",
        "settings": {
          "optimizer": {
            "enabled": false,
            "runs": 200
          },
          "outputSelection": {
            "*": {
              "*": [
                "abi",
                "evm.bytecode",
                "evm.deployedBytecode",
                "evm.methodIdentifiers",
                "metadata"
              ],
              "": [
                "ast"
              ]
            }
          }
        }
      },
      "imports": [],
      "versionPragmas": [
        ">=0.6.2 <0.8.0"
      ],
      "artifacts": [
        "Address"
      ]
    }
  }
}
